<?xml version="1.0" encoding="UTF-8"?>
<window>
	<defaultcontrol>10</defaultcontrol>
	<views>10</views>
	<controls>
		<include>Pvr_Art</include> 
		<include>Time</include>
		<control type="group" id="50">
			<include>OpenClose</include>
			<include>EPGTimelineView</include>
		</control>
		<control type="group" description="EPG Timeline Info">
			<visible>Control.IsVisible(10)</visible>
			<include>VisibleFadeEffect</include>
      		<include name="MiniVideoWindow">
      			<param name="top">75</param>
			    <param name="left">85</param>
			    <param name="width">368</param>
			    <param name="height">207</param>
			    <param name="labeltop">150</param>
      		</include>
			<control type="image" description="TV Logo">
				<visible>!Player.HasVideo</visible>
				<posx>200</posx>
				<posy>85</posy>
				<width>150</width>
				<height>150</height>
				<texture>$INFO[Container(10).ListItem.Icon]</texture>
				<aspectratio>keep</aspectratio>
			</control>
			<control type="textbox">
				<posx>480</posx>
				<posy>138</posy>
				<width>1375</width>
				<height>170</height>
				<align>justify</align>
				<textcolor>Label2</textcolor>
				<autoscroll delay="12000" time="3000" repeat="10000">true</autoscroll>
				<label>$INFO[ListItem.Plot]</label>
			</control>
		</control>
		<include>PVRSideBlade</include>
	</controls>
</window>