<?xml version="1.0" encoding="UTF-8" standalone="yes"?>
<addon id="program.indian" version="0.0.0.1" name="Indian" provider-name="Indian">
  <requires>
	<import addon="plugin.video.aftershock" />
	<import addon="plugin.video.bharatmovies" />
	<import addon="plugin.video.einthusan" />
	<import addon="plugin.video.india4movie" />
	<import addon="plugin.video.movierulz" />
	<import addon="plugin.video.perfecthdmovies" />
	<import addon="plugin.video.tvondesizonexl" />
	<import addon="plugin.video.ZemTV-shani" />
	<import addon="service.playitx" />
	<import addon="service.subtitles.opensubtitles" />
	<import addon="service.subtitles.subscene" />
	<import addon="service.subtitles.podnapisi" />
  </requires>
  <extension point="xbmc.python.pluginsource"
            library="default.py">
        <provides>executable</provides>
  </extension>
  <extension point="xbmc.addon.metadata">
    <summary>Indian</summary>
    <description>Indian</description>
    <platform>all</platform>
  </extension>
</addon>