<?xml version="1.0" encoding="UTF-8"?>
<window>
  <defaultcontrol always="true">602</defaultcontrol>
  <animation effect="slide" start="0,150" end="0,0" time="300">WindowOpen</animation>
  <animation effect="slide" start="0,0" end="0,150" time="200">WindowClose</animation>
  <controls>
    <control type="progress" id="23" description="Progress Bar">
      <visible>true</visible>
      <posx>84</posx>
      <posy>-750</posy>
      <width>747</width>
      <info>Player.Progress</info>
      <visible>true</visible>
    </control>
    <control type="image" description="Background">
      <posx>0</posx>
      <posy>972</posy>
      <width>1920</width>
      <height>108</height>
      <texture border="0,30,0,30">OSD/OSDBackground.png</texture>
    </control>
    <control type="group">
      <posx>120</posx>
      <posy>758</posy>
      <!--101-->
      <control type="grouplist" id="101">
        <left>200</left>
        <top>93r</top>
        <width>1280</width>
        <height>98</height>
        <align>center</align>
        <onright>609</onright>
        <onleft>609</onleft>
        <orientation>horizontal</orientation>
        <control type="group" id="699">
          <width>90</width>
          <height>98</height>
          <visible>!MusicPlayer.Content(LiveTV)</visible>
          <control type="button" id="606">
            <left>0</left>
            <top>3</top>
            <width>55</width>
            <height>55</height>
            <label>$LOCALIZE[486]$INFO[Playlist.Repeat, : ]</label>
            <font>-</font>
            <texturefocus>-</texturefocus>
            <texturenofocus>-</texturenofocus>
            <onleft>609</onleft>
            <onright>601</onright>
            <onup>1000</onup>
            <ondown>1000</ondown>
            <onclick>PlayerControl(Repeat)</onclick>
          </control>
          <control type="image">
            <posx>0</posx>
            <posy>3</posy>
            <width>90</width>
            <height>98</height>
            <texture>OSD/OSDRepeatNF.png</texture>
            <visible>!Playlist.IsRepeat + !Playlist.IsRepeatOne</visible>
            <visible>!Control.HasFocus(606)</visible>
          </control>
          <control type="image">
            <posx>0</posx>
            <posy>3</posy>
            <width>90</width>
            <height>98</height>
            <texture>OSD/OSDRepeatFO.png</texture>
            <visible>!Playlist.IsRepeat + !Playlist.IsRepeatOne</visible>
            <visible>Control.HasFocus(606)</visible>
          </control>
          <control type="image">
            <posx>0</posx>
            <posy>3</posy>
            <width>90</width>
            <height>98</height>
            <texture>OSD/OSDRepeatOneNF.png</texture>
            <visible>Playlist.IsRepeatOne</visible>
            <visible>!Control.HasFocus(606)</visible>
          </control>
          <control type="image">
            <posx>0</posx>
            <posy>3</posy>
            <width>90</width>
            <height>98</height>
            <texture>OSD/OSDRepeatOneFO.png</texture>
            <visible>Playlist.IsRepeatOne</visible>
            <visible>Control.HasFocus(606)</visible>
          </control>
          <control type="image">
            <posx>0</posx>
            <posy>3</posy>
            <width>90</width>
            <height>98</height>
            <texture>OSD/OSDRepeatAllNF.png</texture>
            <visible>Playlist.IsRepeat</visible>
            <visible>!Control.HasFocus(606)</visible>
          </control>
          <control type="image">
            <posx>0</posx>
            <posy>3</posy>
            <width>90</width>
            <height>98</height>
            <texture>OSD/OSDRepeatAllFO.png</texture>
            <visible>Playlist.IsRepeat</visible>
            <visible>Control.HasFocus(606)</visible>
          </control>
        </control>
        <control type="button" id="601">
          <width>90</width>
          <height>98</height>
          <label>31354</label>
          <font>-</font>
          <texturefocus>OSD/OSDRWFO.png</texturefocus>
          <texturenofocus>OSD/OSDRWNF.png</texturenofocus>
          <onup>609</onup>
          <ondown>609</ondown>
          <onclick>PlayerControl(Rewind)</onclick>
        </control>
        <control type="button" id="600">
          <width>90</width>
          <height>98</height>
          <label>$LOCALIZE[210]</label>
          <font>-</font>
          <texturefocus>OSD/OSDPreviousFO.png</texturefocus>
          <texturenofocus>OSD/OSDPreviousNF.png</texturenofocus>
          <onup>609</onup>
          <ondown>609</ondown>
          <onclick>PlayerControl(Previous)</onclick>
        </control>
        <control type="togglebutton" id="602">
          <width>90</width>
          <height>98</height>
          <label>$LOCALIZE[31351]</label>
          <altlabel>$LOCALIZE[208]</altlabel>
          <font>-</font>
          <texturefocus>OSD/OSDPauseFO.png</texturefocus>
          <texturenofocus>OSD/OSDPauseNF.png</texturenofocus>
          <usealttexture>Player.Paused | Player.Forwarding | Player.Rewinding</usealttexture>
          <alttexturefocus>OSD/OSDPlayFO.png</alttexturefocus>
          <alttexturenofocus>OSD/OSDPlayNF.png</alttexturenofocus>
          <onup>609</onup>
          <ondown>609</ondown>
          <onclick>PlayerControl(Play)</onclick>
        </control>
        <control type="button" id="603">
          <width>90</width>
          <height>98</height>
          <label>$LOCALIZE[31352]</label>
          <font>-</font>
          <texturefocus>OSD/OSDStopFO.png</texturefocus>
          <texturenofocus>OSD/OSDStopNF.png</texturenofocus>
          <onup>609</onup>
          <ondown>609</ondown>
          <onclick>PlayerControl(Stop)</onclick>
        </control>
        <control type="button" id="605">
          <width>90</width>
          <height>98</height>
          <label>$LOCALIZE[209]</label>
          <font>-</font>
          <texturefocus>OSD/OSDNextFO.png</texturefocus>
          <texturenofocus>OSD/OSDNextNF.png</texturenofocus>
          <onup>609</onup>
          <ondown>609</ondown>
          <onclick>PlayerControl(Next)</onclick>
        </control>
        <control type="togglebutton" id="21" description="Random">
          <width>90</width>
          <height>98</height>
          <label>$LOCALIZE[590]$INFO[Playlist.Random, : ]</label>
          <altlabel>$LOCALIZE[590] : $LOCALIZE[16041]</altlabel>
          <font>-</font>
          <onup>609</onup>
          <ondown>609</ondown>
          <texturefocus>OSD/OSDRandomOffFO.png</texturefocus>
          <texturenofocus>OSD/OSDRandomOffNF.png</texturenofocus>
          <usealttexture>Playlist.IsRandom</usealttexture>
          <alttexturefocus>OSD/OSDRandomOnFO.png</alttexturefocus>
          <alttexturenofocus>OSD/OSDRandomOnNF.png</alttexturenofocus>
          <onclick>PlayerControl(Random)</onclick>
        </control>
        <control type="button" id="604">
          <width>90</width>
          <height>98</height>
          <label>31353</label>
          <font>-</font>
          <texturefocus>OSD/OSDFWFO.png</texturefocus>
          <texturenofocus>OSD/OSDFWNF.png</texturenofocus>
          <onup>609</onup>
          <ondown>609</ondown>
          <onclick>PlayerControl(Forward)</onclick>
        </control>
      </control>
      <control type="button" id="609">
        <description>Options</description>
        <left>1700</left>
        <top>93r</top>
        <width>90</width>
        <height>98</height>
        <label>$LOCALIZE[33063]</label>
        <font>-</font>
        <onleft>604</onleft>
        <onright>606</onright>
        <onup>602</onup>
        <ondown>602</ondown>
        <texturefocus>OSD/OSDOptionsFO.png</texturefocus>
        <texturenofocus>OSD/OSDOptionsNF.png</texturenofocus>
        <onclick>Control.SetFocus(555)</onclick>
        <!--<onclick>ActivateWindow(1113)</onclick>-->
      </control>
    </control>
    <control type="group" description="All dialog content">
      <animation effect="fade" start="100" end="0" time="100" condition="!ControlGroup(100).HasFocus()">Conditional</animation>
      <control type="image">
        <posx>655</posx>
        <posy>240</posy>
        <width>600</width>
        <height>630</height>
        <texture>dialogs/DialogBG.png</texture>
      </control>
      <control type="label" description="Dialog heading">
        <posx>615</posx>
        <posy>276</posy>
        <width>690</width>
        <height>52</height>
        <textcolor>Highlight</textcolor>
        <label>$LOCALIZE[33063]</label>
        <align>center</align>
      </control>
      <control type="grouplist" id="100" description="Music OSD Options">
        <posx>698</posx>
        <posy>366</posy>
        <width>525</width>
        <height>483</height>
        <onleft>101</onleft>
        <onright>101</onright>
        <onup>100</onup>
        <ondown>100</ondown>
        <itemgap>0</itemgap>
        <scrolltime>280</scrolltime>
        <control type="button" id="9" description="Lyrics">
          <width>525</width>
          <label>$LOCALIZE[24013]</label>
          <onclick>Close</onclick>
          <onclick condition="IsEmpty(Skin.String(LyricPath))">Skin.SetAddon(LyricPath,xbmc.python.lyrics)</onclick>
          <onclick condition="!IsEmpty(Skin.String(LyricPath))">XBMC.RunScript($INFO[Skin.String(LyricPath)])</onclick>
        </control>
		<control type="button" id="555" description="Playlist">
          <width>525</width>
          <label>$LOCALIZE[559]</label>
          <onclick>Close</onclick>
          <onclick>ActivateWindow(MusicPlaylist)</onclick>
        </control>
        <control type="button" id="556" description="Fanart">
          <width>525</width>
          <label>$LOCALIZE[20445]</label>
          <label2>[COLOR=Grey2]$VAR[MusicPlayingFanartLabel2][/COLOR]</label2>
          <onclick>Skin.ToggleSetting(MusicPlayingFanart)</onclick>
        </control>
        <control type="button" id="500" description="Visualisation">
          <width>525</width>
          <label>$LOCALIZE[24010]</label>
        </control>
        <control type="button" id="19" description="Visualisation settings">
          <width>525</width>
          <label>$LOCALIZE[250] $LOCALIZE[10004]</label>
          <onclick>Addon.Default.OpenSettings(xbmc.player.musicviz)</onclick>
          <animation effect="fade" start="100" end="50" time="100" condition="!Visualisation.Enabled">Conditional</animation>
        </control>
        <control type="button" id="20" description="Visualisation Presets">
          <width>525</width>
          <label>$LOCALIZE[31048]</label>
          <onclick>ActivateWindow(122)</onclick>
          <enable>Visualisation.HasPresets</enable>
          <animation effect="fade" start="100" end="50" time="100" condition="!Visualisation.HasPresets">Conditional</animation>
        </control>
        <control type="button" id="301" description="CodecInfo">
          <width>525</width>
          <label>$LOCALIZE[21446]</label>
          <onclick>CodecInfo</onclick>
        </control>
      </control>
    </control>
  </controls>
</window>