<?xml version="1.0" encoding="UTF-8"?>
<window>
  <defaultcontrol>50</defaultcontrol>
  <views>50,51</views>
  <controls>
    <include>Pvr_Art</include> 
    <include>Time</include>
    <control type="group">
      <include>OpenClose</include>
      <control type="group" description="REC group">
        <include>VisibleFadeEffect</include>
        <include>MiniVideoWindow</include>
        <control type="image" description="TV Logo">
          <visible>!Player.HasVideo</visible>
          <posx>60</posx>
          <posy>100</posy>
          <width>608</width>
          <height>342</height>
          <texture>$INFO[ListItem.Icon]</texture>
          <aspectratio>keep</aspectratio>
          <visible>!Player.HasVideo + !SubString(ListItem.Icon,Default)</visible>
        </control>
        <control type="list" id="50" description="REC">
          <posx>820</posx>
          <posy>120</posy>
          <width>1076</width>
          <height>892</height>
          <onleft>102</onleft>
          <onright>60</onright>
          <onup>50</onup>
          <ondown>50</ondown>
          <pagecontrol>60</pagecontrol>
          <scrolltime tween="sine" easing="inout">280</scrolltime>
          <viewtype label="Large List">Large List</viewtype>
          <itemlayout height="99">
            <control type="image">
              <posx>0</posx>
              <posy>0</posy>
              <height>99</height>
              <width>1076</width>
              <texture flipy="true" border="3">list/ListNF.png</texture>
            </control>
            <include>RecOverlay</include>
            <control type="image" description="Thumb">
              <visible>IsEmpty(ListItem.Thumb)</visible>
              <posx>12</posx>
              <posy>14</posy>
              <height>74</height>
              <width>110</width>
              <align>center</align>
              <aligny>center</aligny>
              <aspectratio>keep</aspectratio>
              <colordiffuse>Label2</colordiffuse>
              <texture background="true">thumbs/MediaRecording.png</texture>
            </control>            
            <control type="image" description="Thumb">
              <visible>!IsEmpty(ListItem.Thumb)</visible>
              <posx>12</posx>
              <posy>14</posy>
              <height>74</height>
              <width>110</width>
              <align>center</align>
              <aligny>center</aligny>
              <aspectratio>keep</aspectratio>
              <texture background="true">$INFO[ListItem.thumb]</texture>
            </control>
            <control type="label" description="Main Label">
              <posx>150</posx>
              <height>55</height>
              <width>800</width>
              <scroll>false</scroll>
              <label>$INFO[ListItem.Label]</label>
            </control>
            <control type="label" description="Label2">
              <posx>150</posx>
              <posy>40</posy>
              <height>60</height>
              <font>Details</font>
              <width>800</width>
              <scroll>false</scroll>
              <textcolor>Label2</textcolor>
              <label>$INFO[ListItem.Date]</label>
            </control>
            <control type="image">
              <left>980</left>
              <top>60</top>
              <width>33</width>
              <height>33</height>
              <texture>$VAR[Overlay]</texture>
            </control>
          </itemlayout>
          <focusedlayout height="99">
            <control type="image">
              <posx>0</posx>
              <posy>0</posy>
              <width>1076</width>
              <height>96</height>
              <texture>list/ListFO.png</texture>
            </control>
            <include>RecOverlay</include>
            <control type="image" description="Thumb">
              <visible>IsEmpty(ListItem.Thumb)</visible>
              <posx>12</posx>
              <posy>14</posy>
              <height>74</height>
              <width>110</width>
              <align>center</align>
              <aligny>center</aligny>
              <aspectratio>keep</aspectratio>
              <colordiffuse>Label2</colordiffuse>
              <texture background="true">thumbs/MediaRecording.png</texture>
            </control>            
            <control type="image" description="Thumb">
              <visible>!IsEmpty(ListItem.Thumb)</visible>
              <posx>12</posx>
              <posy>14</posy>
              <height>74</height>
              <width>110</width>
              <align>center</align>
              <aligny>center</aligny>
              <aspectratio>keep</aspectratio>
              <texture background="true">$INFO[ListItem.thumb]</texture>
            </control>
            <control type="label" description="Main Label">
              <posx>150</posx>
              <height>55</height>
              <width>800</width>
              <scroll>false</scroll>
              <label>$INFO[ListItem.Label]</label>
            </control>
            <control type="label" description="Label2">
              <posx>150</posx>
              <posy>40</posy>
              <height>60</height>
              <font>Details</font>
              <width>800</width>
              <scroll>false</scroll>
              <textcolor>Label2</textcolor>
              <label>$INFO[ListItem.Date]</label>
            </control>
            <control type="image">
              <left>980</left>
              <top>60</top>
              <width>33</width>
              <height>33</height>
              <texture>$VAR[Overlay]</texture>
            </control>
          </focusedlayout>
        </control>
        <control type="list" id="51" description="REC">
          <posx>820</posx>
          <posy>120</posy>
          <width>1076</width>
          <height>892</height>
          <onleft>102</onleft>
          <onright>60</onright>
          <onup>51</onup>
          <ondown>51</ondown>
          <pagecontrol>60</pagecontrol>
          <viewtype>BigList</viewtype>
          <scrolltime tween="sine" easing="inout">280</scrolltime>
          <viewtype label="535">list</viewtype>
          <itemlayout height="50">
            <control type="image">
              <posx>0</posx>
              <posy>0</posy>
              <height>50</height>
              <width>1076</width>
              <texture flipy="true" border="3">list/ListNF.png</texture>
            </control>
            <control type="image" description="Thumb">
              <visible>IsEmpty(ListItem.Thumb)</visible>
              <posx>4</posx>
              <posy>4</posy>
              <height>42</height>
              <width>90</width>
              <align>center</align>
              <aligny>center</aligny>
              <aspectratio>keep</aspectratio>
              <colordiffuse>Label2</colordiffuse>
              <texture background="true">thumbs/MediaRecording.png</texture>
            </control>            
            <control type="image" description="Thumb">
              <visible>!IsEmpty(ListItem.Thumb)</visible>
              <posx>4</posx>
              <posy>4</posy>
              <height>42</height>
              <width>90</width>
              <align>center</align>
              <aligny>center</aligny>
              <aspectratio>keep</aspectratio>
              <texture background="true">$INFO[ListItem.thumb]</texture>
            </control>
            <control type="label" description="Main Label">
              <posx>100</posx>
              <height>45</height>
              <width>620</width>
              <scroll>false</scroll>
              <label>$INFO[ListItem.Label]</label>
            </control>
            <control type="label" description="Label2">
              <posx>730</posx>
              <posy>0</posy>
              <height>45</height>
              <font>Details</font>
              <width>270</width>
              <scroll>false</scroll>
              <textcolor>Label2</textcolor>
              <align>right</align>
              <label>$INFO[ListItem.Date]</label>
            </control>
            <control type="image">
              <left>1010</left>
              <top>5</top>
              <width>33</width>
              <height>33</height>
              <texture>$VAR[Overlay]</texture>
            </control>
          </itemlayout>
          <focusedlayout height="50">
            <control type="image">
              <posx>0</posx>
              <posy>0</posy>
              <width>1076</width>
              <height>50</height>
              <texture>list/ListFO.png</texture>
            </control>
            <control type="image" description="Thumb">
              <visible>IsEmpty(ListItem.Thumb)</visible>
              <posx>4</posx>
              <posy>4</posy>
              <height>42</height>
              <width>90</width>
              <align>center</align>
              <aligny>center</aligny>
              <aspectratio>keep</aspectratio>
              <colordiffuse>White2</colordiffuse>
              <texture background="true">thumbs/MediaRecording.png</texture>
            </control>            
            <control type="image" description="Thumb">
              <visible>!IsEmpty(ListItem.Thumb)</visible>
              <posx>4</posx>
              <posy>4</posy>
              <height>42</height>
              <width>90</width>
              <align>center</align>
              <aligny>center</aligny>
              <aspectratio>keep</aspectratio>
              <texture background="true">$INFO[ListItem.thumb]</texture>
            </control>
            <control type="label" description="Main Label">
              <posx>100</posx>
              <height>45</height>
              <width>620</width>
              <scroll>false</scroll>
              <label>$INFO[ListItem.Label]</label>
              <textcolor>White2</textcolor>
            </control>
            <control type="label" description="Label2">
              <posx>730</posx>
              <posy>0</posy>
              <height>45</height>
              <font>Details</font>
              <width>270</width>
              <scroll>false</scroll>
              <textcolor>Label2</textcolor>
              <align>right</align>
              <label>$INFO[ListItem.Date]</label>
            </control>
            <control type="image">
              <left>1010</left>
              <top>5</top>
              <width>33</width>
              <height>33</height>
              <texture>$VAR[Overlay]</texture>
            </control>
          </focusedlayout>
        </control>
      </control>
  	</control>
    <control type="group" description="REC group">
      <include>VisibleFadeEffect</include>
      <control type="group" description="INFO">
        <posx>60</posx>
        <posy>480</posy>
        <control type="label" description="Title">
          <posy>-12</posy>
          <width>700</width>
          <font>InfoTitle</font>
          <textcolor>Highlight</textcolor>
          <aligny>center</aligny>
          <height>60</height>
          <wrapmultiline>true</wrapmultiline>
          <label>$VAR[PVRRecordingsTitle]</label>
        </control>
        <control type="textbox" description="Plot Value for TV">
          <visible>!ListItem.IsFolder</visible><posx>0</posx>
          <posy>50</posy>
          <width>700</width>
          <height>370</height>
          <align>justify</align>
          <pagecontrol>-</pagecontrol>
          <label>$INFO[ListItem.Plot]</label>
        </control>
        <control type="panel" id="80">
          <visible>ListItem.IsFolder + !SubString(ListItem.label,..,left) + !SubString(ListItem.label,..,right)</visible>
          <top>50</top>
          <width>720</width>
          <height>400</height>
          <orientation>vertical</orientation>
          <scrolltime tween="sine" easing="out">50</scrolltime>
          <autoscroll>true</autoscroll>
          <focusedlayout height="40" width="720">
            <control type="image">
              <left>0</left>
              <top>9</top>
              <width>30</width>
              <height>30</height>
              <texture>$VAR[Overlay]</texture>
            </control>            
            <control type="label">
              <left>40</left>
              <height>40</height>
              <width>670</width>
              <aligny>center</aligny>
              <label>$INFO[ListItem.Label,[COLOR=White2],[/COLOR]]$INFO[ListItem.Date,[COLOR=Highlight] • [/COLOR]]$INFO[ListItem.Duration,[COLOR=Highlight] • [/COLOR]]</label>
              <font>ListDetails</font>
              <scrollspeed>25</scrollspeed>
            </control>
          </focusedlayout>
          <itemlayout height="40" width="720">
            <control type="image">
              <left>0</left>
              <top>9</top>
              <width>30</width>
              <height>30</height>
              <texture>$VAR[Overlay]</texture>
            </control>
            <control type="label">
              <left>40</left>
              <height>40</height>
              <width>670</width>
              <aligny>center</aligny>
              <label>$INFO[ListItem.Label,[COLOR=White2],[/COLOR]]$INFO[ListItem.Date,[COLOR=Highlight] • [/COLOR]]$INFO[ListItem.Duration,[COLOR=Highlight] • [/COLOR]]</label>
              <font>ListDetails</font>
              <scrollspeed>25</scrollspeed>
            </control>
          </itemlayout>
          <content sortby="date" sortorder="ascending">$INFO[ListItem.Path]/$INFO[ListItem.Label]</content>
        </control>        
        <control type="label">
          <visible>!ListItem.IsFolder</visible><posx>0</posx>
          <top>430</top>
          <width>700</width>
          <height>36</height>
          <font>Details</font>
          <label>$INFO[ListItem.Duration,[COLOR=Grey]$LOCALIZE[2050]: [/COLOR]]</label>
        </control>
        <control type="label">
          <description>Disk usage text</description>
          <top>480</top>
          <width>700</width>
          <height>20</height>
          <label>$INFO[PVR.backenddiskspace]</label>
          <font>ListDetails</font>
          <visible>!Integer.IsGreater(PVR.backenddiskspaceprogr,100)</visible>
        </control>
        <control type="progress">
          <description>Disk usage bar</description>
          <left>0</left>
          <top>515</top>
          <width>700</width>
          <height>6</height>
          <info>PVR.backenddiskspaceprogr</info>
          <texturebg border="0,0,0,0">img/AmberDotBG.png</texturebg>
          <midtexture border="0,0,0,0">img/AmberDot.png</midtexture>
          <visible>!Integer.IsGreater(PVR.backenddiskspaceprogr,100)</visible>
        </control>
      </control>
    </control>
    <control type="scrollbar" id="60">
      <animation effect="slide" start="0,0" end="-8,0" time="150">Focus</animation>
      <animation effect="slide" start="-8,0" end="0,0" time="300">UnFocus</animation>
      <posx>21r</posx>
      <posy>99</posy>
      <width>36</width>
      <height>900</height>
      <texturesliderbackground>-</texturesliderbackground>
      <texturesliderbar>-</texturesliderbar>
      <texturesliderbarfocus>-</texturesliderbarfocus>
      <textureslidernib border="18">OSD/ScrollbarNibNF.png</textureslidernib>
      <textureslidernibfocus border="18">OSD/ScrollbarNibFO.png</textureslidernibfocus>
      <showonepage>false</showonepage>
      <orientation>vertical</orientation>
      <onleft>50</onleft>
      <onright>9000</onright>
    </control>
	  <include>PVRSideBlade</include>
  </controls>
</window>