<?xml version="1.0" encoding="UTF-8" standalone="yes"?>
<addon id="script.module.schism.common" name="SchisM Common Libraries" version="1.4" provider-name="SchisM">
	<requires>
		<import addon="xbmc.python" version="2.1.0" />
		<import addon="script.module.requests" />
		<import addon="script.module.six" />
		<import addon="script.module.metahandler" />
		<import addon="script.module.beautifulsoup" />
	</requires>
	<extension point="xbmc.python.module" library="lib" />
	<extension point="xbmc.addon.metadata">
		<platform>all</platform>
		<summary lang="en">Collection of modules used by SchisM Addons</summary>
		<description lang="en">Collection of modules used by SchisM Addons
		beautifulsoup3 v3.2.1 from https://www.crummy.com/software/BeautifulSoup :
		beautifulsoup4 v4.5.1 from https://www.crummy.com/software/BeautifulSoup :
		cfscrape 1.6.8 from https://github.com/Anorov/cloudflare-scrape :
		incapsula-cracker v0.1.3 from https://github.com/ziplokk1/incapsula-cracker :
		Js2Py v0.40 from https://github.com/PiotrDabkowski/Js2Py :
		jsbeautifier v1.6.4 from https://pypi.python.org/pypi/jsbeautifier :
		jsunpack from urlresolver :
		requests v2.12.4 from https://github.com/kennethreitz/requests :
		six v1.10.0 from https://pypi.python.org/pypi/six :
		unshortenit v0.3.0 from https://github.com/jkehler/unshortenit :
		</description>
		<license>GNU GENERAL PUBLIC LICENSE. Version 2, June 1991</license>
	</extension>
</addon>
