<?xml version="1.0" encoding="UTF-8" standalone="yes"?>
<addon id="plugin.video.requests" name=" Requests" version="1.0.0" provider-name="Requests">
	<requires>
		<import addon="xbmc.python" version="2.1.0" />
		<import addon="plugin.video.youtube" version="1.0.0"/>
		<import addon="script.module.pyxbmct" version="1.0.0" />
		<import addon="script.module.urlresolver" version="1.0.0"/>
		<import addon="script.module.liveresolver" version="0.0.1"/>
		<import addon="script.video.F4mProxy" version="1.0.0"/>
	</requires>
	<extension point="xbmc.python.pluginsource" library="default.py">
		<provides>video</provides>
	</extension>
	<extension point="xbmc.addon.metadata">
		<summary lang="en">Request Links</summary>
		<description lang="en">Request Links</description>
		<platform>all</platform>
		<forum></forum>
		<website></website>
		<assets>
			<icon>icon.png</icon>
			<fanart>fanart.jpg</fanart>
		</assets>
		<news>New Release</news>
	</extension>
</addon>
