<favourites>

<favourite name="Search Exodus TV Shows Addon" thumb="special://home/addons/script.exodus.artwork\resources\media\exodus\search.png">ActivateWindow(10025,&quot;plugin://plugin.video.exodus/?action=tvshows&amp;url=http%3A%2F%2Fapi-v2launch.trakt.tv%2Fsearch%3Ftype%3Dshow%26limit%3D100%26query%3D[%SF%]&amp;sf_options=fanart%3Dspecial%3A%2F%2Fhome%2Faddons%5Cplugin.video.exodus%5Cfanart.jpg%26_options_sf&quot;)</favourite>

<favourite name="Search Exodus Movies Addon" thumb="special://home/addons/script.exodus.artwork\resources\media\exodus\search.png">ActivateWindow(10025,&quot;plugin://plugin.video.exodus/?action=movies&amp;url=http%3A%2F%2Fapi-v2launch.trakt.tv%2Fsearch%3Ftype%3Dmovie%26limit%3D100%26query%3D[%SF%]&amp;sf_options=fanart%3Dspecial%3A%2F%2Fhome%2Faddons%5Cplugin.video.exodus%5Cfanart.jpg%26_options_sf&quot;)</favourite>

<favourite name="Search SALTS TV Shows Addon" thumb="special://home\addons\script.salts.themepak\art\themes\Simply Elegant\scraper.png">ActivateWindow(10025,&quot;plugin://plugin.video.salts/?query=[%SF%]&amp;section=TV&amp;mode=search_results&amp;sf_options=fanart%3Dspecial%3A%2F%2Fhome%2Faddons%5Cplugin.video.salts%5Cfanart.jpg%26_options_sf&quot;,return)</favourite>

<favourite name="Search SALTS Movies Addon" thumb="special://home\addons\script.salts.themepak\art\themes\Simply Elegant\scraper.png">ActivateWindow(10025,&quot;plugin://plugin.video.salts/?query=[%SF%]&amp;section=Movies&amp;mode=search_results&amp;sf_options=fanart%3Dspecial%3A%2F%2Fhome%2Faddons%5Cplugin.video.salts%5Cfanart.jpg%26_options_sf&quot;,return)</favourite>

<favourite name="Search Zen TV Shows Addon" thumb="special://home/addons/script.zen.artwork\resources\media\zen\search.png">ActivateWindow(10025,&quot;plugin://plugin.video.zen/?action=tvshows&url=http%3A%2F%2Fapi.themoviedb.org%2F3%2Fsearch%2Ftv%3F%26api_key%3Df7f51775877e0bb6703520952b3c7840%26query%3D[%SF%]&amp;sf_options=fanart%3Dspecial%3A%2F%2Fhome%2Faddons%5Cplugin.video.zen%5Cfanart.jpg%26_options_sf&quot;)</favourite>

<favourite name="Search Zen Movies Addon" thumb="special://home/addons/script.zen.artwork\resources\media\zen\search.png">ActivateWindow(10025,&quot;plugin://plugin.video.zen/?action=movieSearch&amp;query=[%SF%]&amp;sf_options=fanart%3Dspecial%3A%2F%2Fhome%2Faddons%5Cplugin.video.zen%5Cfanart.jpg%26_options_sf&quot;)</favourite>

<favourite name="Search Specto TV Shows Addon" thumb="special://home\addons\plugin.video.specto\resources/media/metro/search.jpg">ActivateWindow(10025,&quot;plugin://plugin.video.specto/?action=tvSearch&amp;query=[%SF%]&amp;sf_options=fanart%3Dspecial%3A%2F%2Fhome%2Faddons%5Cplugin.video.specto%5Cfanart.jpg%26_options_sf&quot;)</favourite>

<favourite name="Search Specto Movies Addon" thumb="special://home\addons\plugin.video.specto\resources/media/metro/search.jpg">ActivateWindow(10025,&quot;plugin://plugin.video.specto/?action=movieSearch&amp;query=[%SF%]&amp;sf_options=fanart%3Dspecial%3A%2F%2Fhome%2Faddons%5Cplugin.video.specto%5Cfanart.jpg%26_options_sf&quot;)</favourite>

<favourite name="Search iPlayer Addon" thumb="special://home\addons\plugin.video.bbciplayer\icon.png">ActivateWindow(10025,&quot;plugin://plugin.video.bbciplayer/?IPID&amp;description&amp;iconimage&amp;mode=9&amp;name=Search&amp;url=[%SF%]&amp;sf_options=fanart%3Dhttp%3A%2F%2Fultimategamingparadise.com%2Fwp-content%2Fuploads%2F2014%2F01%2Fbbc_iplayer.jpg%26desc%3DBBC+iPlayer+tv+and+live+tv%26_options_sf&quot;)</favourite>

<favourite name="Search iPlayer WWW Addon" thumb="special://home/addons\plugin.video.iplayerwww\icon.png">ActivateWindow(10025,&quot;plugin://plugin.video.iplayerwww/?mode=104&amp;url=url&amp;keyword=[%SF%]&amp;sf_options=fanart%3Dspecial%3A%2F%2Fhome%2Faddons%5Cplugin.video.iplayerwww%5Cfanart.jpg%26_options_sf&quot;,return)</favourite>

<favourite name="Search YouTube Addon" thumb="special://home\addons\plugin.video.youtube\resources\media\search.png">ActivateWindow(10025,&quot;plugin://plugin.video.youtube/kodion/search/query/?q=[%SF%]&amp;sf_options=fanart%3Dspecial%3A%2F%2Fhome%2Faddons%5Cplugin.video.youtube%5Cfanart.jpg%26_options_sf&quot;)</favourite>

</favourites>