<?xml version="1.0" encoding="UTF-8"?>
<window type="dialog">
  <defaultcontrol always="true">6</defaultcontrol>
  <include>OpenClose</include>
  <controls>
    <include>DimBG</include>
    <control type="group" description="Content">
      <include>DialogOpenClose</include>
      <posx>132</posx>
      <posy>140</posy>
      <width>1304</width>
      <height>750</height>
      <control type="image">
        <description>background image</description>
        <posx>0</posx>
        <posy>0</posy>
        <width>1655</width>
        <height>736</height>
        <texture border="300,0,0,0">dialogs/DialogRightSmall.png</texture>
      </control>
      <control type="label" description="Album info">
        <visible>container.content(Albums)</visible>
        <posx>22</posx>
        <posy>20</posy>
        <width>837</width>
        <height>60</height>
        <textcolor>Highlight</textcolor>
        <textoffsetx>30</textoffsetx>
        <label>$LOCALIZE[10523]: [COLOR=White]$INFO[ListItem.Album][/COLOR]</label>
      </control>
      <control type="label" description="Album info">
        <visible>container.content(Artists)</visible>
        <posx>22</posx>
        <posy>20</posy>
        <width>837</width>
        <height>60</height>
        <textcolor>Highlight</textcolor>
        <textoffsetx>30</textoffsetx>
        <label>$LOCALIZE[21891]: [COLOR=White]$INFO[ListItem.Artist][/COLOR]</label>
      </control>
      <control type="list">
        <left>22</left>
        <top>120</top>
        <width>1200</width>
        <height>630</height>
        <onleft>noop</onleft>
        <onright>noop</onright>
        <onup>noop</onup>
        <ondown>noop</ondown>
        <pagecontrol>-</pagecontrol>
        <scrolltime>200</scrolltime>
        <itemlayout height="50">
          <control type="label">
            <left>5</left>
            <top>0</top>
            <width>200</width>
            <height>50</height>
            <align>right</align>
            <aligny>center</aligny>
            <textcolor>Highlight</textcolor>
            <selectedcolor>selected</selectedcolor>
            <info>ListItem.Label</info>
          </control>
          <control type="label">
            <left>215</left>
            <top>0</top>
            <width>950</width>
            <height>50</height>
            <align>left</align>
            <aligny>center</aligny>
            <textcolor>white</textcolor>
            <selectedcolor>white</selectedcolor>
            <info>ListItem.Label2</info>
          </control>
        </itemlayout>
        <focusedlayout height="50">
          <control type="label">
            <left>5</left>
            <top>0</top>
            <width>200</width>
            <height>50</height>
            <align>right</align>
            <aligny>center</aligny>
            <textcolor>Highlight</textcolor>
            <selectedcolor>selected</selectedcolor>
            <info>ListItem.Label</info>
          </control>
          <control type="label">
            <left>215</left>
            <top>0</top>
            <width>950</width>
            <height>50</height>
            <align>left</align>
            <aligny>center</aligny>
            <textcolor>white</textcolor>
            <selectedcolor>white</selectedcolor>
            <info>ListItem.Label2</info>
          </control>
        </focusedlayout>
        <content>
          <include condition="container.content(Artists)">ArtistInfoContent</include>
          <include condition="container.content(Albums)">AlbumInfoContent</include>
       </content>
      </control>
      <control type="label" description="location">
        <visible>!container.content(artists)</visible>
        <posx>22</posx>
        <posy>650</posy>
        <width>909</width>
        <height>60</height>
        <textoffsetx>30</textoffsetx>
        <font>ItemCount</font>
        <textcolor>Grey</textcolor>
        <label>$INFO[ListItem.Path]</label>
      </control>
      <control type="image" description="Icon">
        <posx>1299</posx>
        <posy>56</posy>
        <width>315</width>
        <height>315</height>
        <texture>$INFO[ListItem.Icon]</texture>
        <bordertexture border="3">thumbs/ThumbBorder3.png</bordertexture>
        <bordersize>1</bordersize>
        <aspectratio>scale</aspectratio>
      </control>
      <control type="grouplist" id="9000">
        <left>1294</left>
        <top>490</top>
        <width>315</width>
        <height>240</height>
        <itemgap>0</itemgap>
        <orientation>vertical</orientation>
        <onleft>noop</onleft>
        <onright>noop</onright>
        <onup>9000</onup>
        <ondown>9000</ondown>
        <control type="button" id="6" description="refresh">
          <height>60</height>
          <label>$LOCALIZE[184]</label>
        </control>
        <control type="button" id="10" description="get thumb">
          <height>60</height>
          <label>$LOCALIZE[13405]</label>
        </control>
        <control type="button" id="12" description="get fanart">
          <height>60</height>
          <label>$LOCALIZE[20413]</label>
        </control>
      </control>
    </control>
  </controls>
</window>