<?xml version="1.0" encoding="UTF-8" standalone="yes"?>
<addon id="script.salts.themepak" version="0.0.12" name="SALTS Themepak" provider-name="tknorris">
    <requires>
        <import addon="kodi.resource" version="1.0.0"/>
    </requires>
    <extension point="kodi.resource.images" compile="false" type="themepak" />
    <extension point="xbmc.addon.metadata">
        <summary>Themes for the SALTS Addon</summary>
        <description>Themes for SALTS are maintained separately to make distribution of the the addon itself easier/faster.</description>
        <platform>all</platform>
    </extension>
</addon>
