<?xml version="1.0" encoding="UTF-8"?>
<addon id="plugin.video.files"
name="Video Files"
version="0.0.1"
provider-name="primaeval">
<requires>
  <import addon="xbmc.python" version="2.1.0"/>
  <import addon="script.module.xbmcswift2" version="2.0.0"/>
  <import addon="script.module.requests" version="2.0.0" />
</requires>
<extension point="xbmc.python.pluginsource" library="main.py">
  <provides>video</provides>
</extension>
<extension point="xbmc.addon.metadata">
  <summary lang="en">Video Files</summary>
  <description lang="en">Video Files</description>
  <disclaimer lang="en">Video Files</disclaimer>
</extension>
</addon>

