<?xml version="1.0" encoding="UTF-8" standalone="yes"?>
<addon id="plugin.video.icefilms"
       name="Icefilms"
       version="1.9.0"
       provider-name="Eldorado (originator: anarchintosh)">
    <requires>
        <import addon="xbmc.python" version="2.1.0"/>
        <import addon="script.module.simplejson" version="3.3.0"/>
        <import addon="script.module.elementtree" />
        <import addon="script.module.beautifulsoup" />
        <import addon="script.module.metahandler" version="2.5.1" />
        <import addon="script.module.addon.common" version="2.0.0" />
        <import addon="script.module.axel.downloader" version="0.2.1" />
        <!--import addon="script.module.pyxbmct" version="1.1.2" /-->
        <import addon="script.common.plugin.cache" /> 
    </requires>
    <extension point="xbmc.python.pluginsource"
               library="default.py">
        <provides>video</provides>
    </extension>
    <extension point="xbmc.addon.metadata">
        <platform>all</platform>
        <summary>Stream and download scene releases from the links listed on Icefilms.info</summary>
        <description>Visit www.tvaddons.ag for support. 
Turns your XBMC into an instant free on-demand media-center. Stream and download to your library DVD and HD720p quality videos. Browse and search the library of over 77,000 videos with metadata and posters. Never experience the frustration of dead video links!</description>
    </extension>
</addon>
