﻿<?xml version="1.0" encoding="UTF-8"?>
<addon id="skin.amber.mod" version="2.2.5" name="AmberMod" provider-name="Jester, Pecinko">
  <requires>
    <import addon="xbmc.gui" version="5.10.0"/>
    <import addon="script.favourites" version="6.0.3"/>
    <import addon="service.skin.widgets" version="0.0.32"/>
    <import addon="resource.uisounds.amber" version="1.0.0"/>
  </requires>
  <extension
    point="xbmc.gui.skin" debugging="false">
    <res width="1920" height="1080" aspect="16:9" default="true" folder="1080i" />
  </extension>
  <extension point="xbmc.addon.metadata">
    <summary lang="en_GB">No bloatware, just your media with an easy to navigate interface</summary>
    <description lang="en_GB">No bloatware, just your media with an easy to navigate interface.[CR]Uses some textures from Mediastream and Aeon skins.</description>
    <platform>all</platform>
    <license>GNU GENERAL PUBLIC LICENSE. Version 3, June 2007</license>
    <forum>http://forum.kodi.tv/forumdisplay.php?fid=203</forum>
    <source>https://github.com/jester-xbmc/skin.amber</source>
  </extension>
</addon>
