<?xml version="1.0" encoding="UTF-8" standalone="yes"?>
<addon id="plugin.video.footballrepeat" name="Football Repeat" version="1.1.1" provider-name="Origin">
  <requires>
    <import addon="xbmc.python" version="2.1.0"/>
    <import addon="script.module.urlresolver"  version="3.0.0"/>
    <import addon="script.module.addon.common" />
  </requires>
  <extension point="xbmc.python.pluginsource" library="default.py">
	<provides>video</provides>
  </extension>
  <extension point="xbmc.addon.metadata">
	<summary lang="en">Football Repeat</summary>
	<description lang="en">An addon by origin for Replays</description>
	<disclaimer lang="en">The author neither hosts or stores any content, the author has no affiliation with content hosts</disclaimer>
	<platform>all</platform>
  </extension>
</addon>
