<favourites>
	<favourite name="SALTS Movies" thumb="special://home/addons\plugin.video.salts\art\themes\Iconic\movies_search.png">ActivateWindow(10025,&quot;plugin://plugin.video.salts/?query=[%SF%]&amp;section=Movies&amp;mode=search_results&amp;sf_options=fanart%3Dspecial%3A%2F%2Fhome%2Faddons%5Cplugin.video.salts%5Cart%5Cthemes%5CIconic%5Cfanart.jpg%26_options_sf&quot;,return)</favourite>
	<favourite name="SALTS TV Shows" thumb="special://home/addons\plugin.video.salts\art\themes\Iconic\television_search.png">ActivateWindow(10025,&quot;plugin://plugin.video.salts/?query=[%SF%]&amp;section=TV&amp;mode=search_results&amp;sf_options=fanart%3Dspecial%3A%2F%2Fhome%2Faddons%5Cplugin.video.salts%5Cart%5Cthemes%5CIconic%5Cfanart.jpg%26_options_sf&quot;,return)</favourite>
	<favourite name="YouTube 4.x.x" thumb="special://home\addons\plugin.video.youtube\icon.png">ActivateWindow(10025,&quot;plugin://plugin.video.youtube/?feed=search&amp;path=%2froot%2fsearch&amp;search=[%SF%]&quot;)</favourite>
	<favourite name="YouTube 5.x.x" thumb="special://home\addons\plugin.video.youtube\icon.png">ActivateWindow(10025,&quot;plugin://plugin.video.youtube/kodion/search/query/?q=[%SF%]&amp;sf_options=fanart%3Dspecial%3A%2F%2Fhome%2Faddons%5Cplugin.video.youtube%5Cfanart.jpg%26_options_sf&quot;)</favourite>	
</favourites>