<favourites>

<favourite name="Search Exodus TV Shows Addon" thumb="special://home/addons/script.exodus.artwork\resources\media\exodus\search.png">ActivateWindow(10025,&quot;plugin://plugin.video.exodus/?action=tvSearch&amp;query=[%SF%]&amp;sf_options=fanart%3Dspecial%3A%2F%2Fhome%2Faddons%5Cplugin.video.exodus%5Cfanart.jpg%26_options_sf&quot;)</favourite>

<favourite name="Search Exodus Movies Addon" thumb="special://home/addons/script.exodus.artwork\resources\media\exodus\search.png">ActivateWindow(10025,&quot;plugin://plugin.video.exodus/?action=movieSearch&amp;query=[%SF%]&amp;sf_options=fanart%3Dspecial%3A%2F%2Fhome%2Faddons%5Cplugin.video.exodus%5Cfanart.jpg%26_options_sf&quot;)</favourite>

<favourite name="Search SALTS TV Shows Addon" thumb="special://home\addons\script.salts.themepak\art\themes\NaCl\search.jpg">ActivateWindow(10025,&quot;plugin://plugin.video.salts/?query=[%SF%]&amp;section=TV&amp;mode=search_results&amp;sf_options=fanart%3Dspecial%3A%2F%2Fhome%2Faddons%5Cplugin.video.salts%5Cfanart.jpg%26_options_sf&quot;,return)</favourite>
	
<favourite name="Search SALTS Movies Addon" thumb="special://home\addons\script.salts.themepak\art\themes\NaCl\search.jpg">ActivateWindow(10025,&quot;plugin://plugin.video.salts/?query=[%SF%]&amp;section=Movies&amp;mode=search_results&amp;sf_options=fanart%3Dspecial%3A%2F%2Fhome%2Faddons%5Cplugin.video.salts%5Cfanart.jpg%26_options_sf&quot;,return)</favourite>
		
<favourite name="Search Meta TV Shows Addon" thumb="special://home/addons\plugin.video.meta\resources\img\search.png">ActivateWindow(10025,&quot;plugin://plugin.video.meta/tv/search_term/[%SF%]/1?sf_options=fanart%3Dspecial%3A%2F%2Fhome%2Faddons%5Cplugin.video.meta%5Cfanart.jpg%26_options_sf&quot;,return)</favourite>

<favourite name="Search Meta Movies Addon" thumb="special://home/addons\plugin.video.meta\resources\img\search.png">ActivateWindow(10025,&quot;plugin://plugin.video.meta/movies/search_term/[%SF%]/1?sf_options=fanart%3Dspecial%3A%2F%2Fhome%2Faddons%5Cplugin.video.meta%5Cfanart.jpg%26_options_sf&quot;,return)</favourite>

<favourite name="Search iPlayer Addon" thumb="special://home\addons\plugin.video.bbciplayer\icon.png">ActivateWindow(10025,&quot;plugin://plugin.video.bbciplayer/?IPID&amp;description&amp;iconimage&amp;mode=9&amp;name=Search&amp;url=[%SF%]&amp;sf_options=fanart%3Dhttp%3A%2F%2Fultimategamingparadise.com%2Fwp-content%2Fuploads%2F2014%2F01%2Fbbc_iplayer.jpg%26desc%3DBBC+iPlayer+tv+and+live+tv%26_options_sf&quot;)</favourite>

<favourite name="Search iPlayer WWW Addon" thumb="special://home/addons\plugin.video.iplayerwww\icon.png">ActivateWindow(10025,&quot;plugin://plugin.video.iplayerwww/?mode=104&amp;url=url&amp;keyword=[%SF%]&amp;sf_options=fanart%3Dspecial%3A%2F%2Fhome%2Faddons%5Cplugin.video.iplayerwww%5Cfanart.jpg%26_options_sf&quot;,return)</favourite>

<favourite name="Search YouTube 5.x.x Addon" thumb="special://home\addons\plugin.video.youtube\resources\media\search.png">ActivateWindow(10025,&quot;plugin://plugin.video.youtube/kodion/search/query/?q=[%SF%]&amp;sf_options=fanart%3Dspecial%3A%2F%2Fhome%2Faddons%5Cplugin.video.youtube%5Cfanart.jpg%26_options_sf&quot;)</favourite>

</favourites>