<?xml version="1.0" encoding="UTF-8"?>
<window>
  <defaultcontrol always="true">9000</defaultcontrol>
  <include>OpenClose</include>
  <controls>
    <control type="group">
      <control type="image" description="BG">
        <include>Panel_Size</include>
        <texture>dialogs/SettingsBG.png</texture>
      </control>
      <control type="label" description="Header">
        <posx>358</posx>
        <posy>90</posy>
        <width>1491</width>
        <textcolor>Highlight</textcolor>
        <label>$INFO[ListItem.Property(Addon.Name),$LOCALIZE[24003] - ]</label>
        <align>center</align>
      </control>
      <control type="image">
        <posx>1581</posx>
        <posy>180</posy>
        <width>210</width>
        <height>210</height>
        <aspectratio>stretch</aspectratio>
        <bordertexture border="3">thumbs/ThumbBorder3.png</bordertexture>
        <bordersize>1</bordersize>
        <texture background="true">$INFO[ListItem.Art(thumb)]</texture>
      </control>
      <control type="group">
        <posx>387</posx>
        <posy>195</posy>
        <control type="label" description="Type label">
          <posx>270</posx>
          <posy>25</posy>
          <width>345</width>
          <height>38</height>
          <label>$LOCALIZE[146]</label>
          <align>right</align>
        </control>
        <control type="label" description="Type val">
          <posx>300</posx>
          <posy>25</posy>
          <width>870</width>
          <height>38</height>
          <label fallback="416">$INFO[ListItem.Property(Addon.Type)]</label>
          <scroll>true</scroll>
        </control>
        <control type="label" description="Creator label">
          <posx>270</posx>
          <posy>70</posy>
          <width>345</width>
          <height>38</height>
          <label>$LOCALIZE[21863]:</label>
          <align>right</align>
        </control>
        <control type="label" description="creator val">
          <posx>300</posx>
          <posy>70</posy>
          <width>870</width>
          <height>38</height>
          <label fallback="416">$INFO[ListItem.Property(Addon.Creator)]</label>
          <scroll>true</scroll>
        </control>
        <control type="label" description="Version label">
          <posx>270</posx>
          <posy>115</posy>
          <width>345</width>
          <height>38</height>
          <label>$LOCALIZE[24051]</label>
          <align>right</align>
        </control>
        <control type="label" description="version val">
          <posx>300</posx>
          <posy>115</posy>
          <width>870</width>
          <height>38</height>
          <label fallback="416">$INFO[ListItem.Property(Addon.Version)]</label>
          <scroll>true</scroll>
        </control>
        <control type="label" description="summary">
          <posx>270</posx>
          <posy>160</posy>
          <width>345</width>
          <height>38</height>
          <label>$LOCALIZE[20037]:</label>
          <align>right</align>
        </control>
        <control type="fadelabel" description="summary val">
          <posx>300</posx>
          <posy>160</posy>
          <width>870</width>
          <height>38</height>
          <label fallback="416">$INFO[ListItem.Property(Addon.Summary)]</label>
          <scrollout>false</scrollout>
          <pauseatend>2000</pauseatend>
        </control>
        <control type="image">
          <posx>0</posx>
          <posy>222</posy>
          <width>1469</width>
          <height>1</height>
          <texture>img/LineST.png</texture>
        </control>
        <control type="label" description="descript label">
          <posx>30</posx>
          <posy>255</posy>
          <width>450</width>
          <height>38</height>
          <label>$LOCALIZE[21821]</label>
          <align>left</align>
          <aligny>center</aligny>
        </control>
        <control type="group">
          <control type="textbox" description="description">
            <posx>30</posx>
            <posy>310</posy>
            <width>1380</width>
            <height>354</height>
            <font>InfoPlot</font>
            <align>justify</align>
            <label>$INFO[ListItem.Property(Addon.Description)]</label>
          </control>
          <control type="label" description="Disclaimer">
            <visible>IsEmpty(ListItem.Property(Addon.broken))</visible>
            <posx>30</posx>
            <posy>735</posy>
            <width>1380</width>
            <height>60</height>
            <font>Details</font>
            <label>$INFO[ListItem.Property(Addon.Disclaimer),[COLOR=Highlight]$LOCALIZE[24052]: [/COLOR]]</label>
            <scroll>true</scroll>
            <wrapmultiline>true</wrapmultiline>
          </control>
          <control type="label" description="Broken">
            <visible>!IsEmpty(ListItem.Property(Addon.broken))</visible>
            <posx>30</posx>
            <posy>735</posy>
            <width>1380</width>
            <height>60</height>
            <font>Details</font>
            <label>$INFO[ListItem.Property(Addon.broken),[COLOR=Highlight]$LOCALIZE[24096]: [/COLOR]]</label>
            <scroll>true</scroll>
            <wrapmultiline>true</wrapmultiline>
          </control>
        </control>
      </control>
      <control type="grouplist" id="9000">
        <posx>63</posx>
        <posy>180</posy>
        <width>324</width>
        <height>780</height>
        <itemgap>0</itemgap>
        <onleft>60</onleft>
        <onright>60</onright>
        <onup>9000</onup>
        <ondown>9000</ondown>
        <control type="button" id="12" description="launch">
          <label>518</label>
          <width>324</width>
          <align>right</align>
          <focusedcolor>Highlight</focusedcolor>
          <textoffsetx>20</textoffsetx>
        </control>
        <control type="button" id="9" description="configure">
          <label>$LOCALIZE[5]</label>
          <width>324</width>
          <align>right</align>
          <focusedcolor>Highlight</focusedcolor>
          <textoffsetx>20</textoffsetx>
        </control>
        <control type="button" id="8" description="update">
          <label>$LOCALIZE[24069]</label>
          <width>324</width>
          <align>right</align>
          <focusedcolor>Highlight</focusedcolor>
          <textoffsetx>20</textoffsetx>
        </control>
        <control type="button" id="10" description="changelog">
          <label>$LOCALIZE[24036]</label>
          <width>324</width>
          <align>right</align>
          <focusedcolor>Highlight</focusedcolor>
          <textoffsetx>20</textoffsetx>
        </control>
        <control type="button" id="7" description="enable">
          <label>$LOCALIZE[24021]</label>
          <width>324</width>
          <align>right</align>
          <focusedcolor>Highlight</focusedcolor>
          <textoffsetx>20</textoffsetx>
        </control>
        <control type="button" id="6" description="install">
          <label>$LOCALIZE[24022]</label>
          <width>324</width>
          <align>right</align>
          <focusedcolor>Highlight</focusedcolor>
          <textoffsetx>20</textoffsetx>
        </control>
      </control>
    </control>
  </controls>
</window>