<?xml version="1.0" encoding="UTF-8"?>
<addon id="plugin.video.deccandelight"
version="1.0.4"
name="Deccan Delight"
provider-name="Gujal">
<requires>
  <import addon="xbmc.python" version="2.1.0"/>
  <import addon="script.module.requests" version="2.0.0"/>
  <import addon="script.module.beautifulsoup" version="3.0.0"/>
  <import addon="script.common.plugin.cache" version="2.0.0"/>
  <import addon="script.module.urlresolver" version="3.0.0"/>
</requires>
<extension point="xbmc.python.pluginsource" library="main.py">
  <provides>video</provides>
</extension>
<extension point="xbmc.addon.metadata">
	<summary>Entertainment from the Deccan region of India</summary>
	<description>This addon provides access to entertainment in various Deccan languages such as Tamil, Telugu, Malayalam, Kannada, and Hindi</description>
	<platform>all</platform>
	<website>https://forums.tvaddons.ag/addon-releases/49105-deccan-delight-indian-entertainment.html</website>
	<disclaimer>This addon scrapes content from various websites around the Internet and is not liable for any content hosted on those sites</disclaimer>
</extension>
</addon>
