﻿<?xml version="1.0" encoding="UTF-8" standalone="yes"?>
<addon id="service.subtitles.ertugrul"
       name="Ertugrul"
       version="1.0.0"
       provider-name="ertugrul">
  <requires>
    <import addon="xbmc.python" version="2.1.0"/>
    <import addon="plugin.video.ertugrul" version="1.0.0"/>
  </requires>
  <extension point="xbmc.subtitle.module"
             library="service.py" />
  <extension point="xbmc.addon.metadata">
    <summary lang="en">Ertugrul Subtitles</summary>
    <description lang="en">Use subtitles for Ertugrul</description>
    <disclaimer lang="en"></disclaimer>
    <platform>all</platform>
    <license>GNU GENERAL PUBLIC LICENSE. Version 2, June 1991</license>
    <source></source>
  </extension>
</addon>
