<?xml version="1.0" encoding="UTF-8" standalone="yes"?>
<addon id="script.zen.artwork" version="1.4.0" name="Zen Artwork" provider-name="Zen">
	<requires>
		<import addon="xbmc.python" version="2.1.0"/>
	</requires>
	<extension point="xbmc.python.script" library="default.py">
		<provides>executable</provides>
	</extension>
	<extension point="xbmc.addon.metadata">
		<summary>Themes for the Zen Addon</summary>
		<description></description>
		<platform>all</platform>
	</extension>
</addon>
