<?xml version="1.0" encoding="UTF-8" standalone="yes"?>
<addon id="script.genesis.media" version="1.0.0" name="Genesis Themepak" provider-name="Genesis" >
	<requires>
		<import addon="xbmc.python" version="2.19.0"/>
	</requires>
	<extension point="xbmc.python.script" library="default.py">
		<provides>executable</provides>
	</extension>
	<extension point="xbmc.addon.metadata">
		<summary>Themes for Genesis.</summary>
		<description>Themes for Genesis.</description>
		<platform>all</platform>
	</extension>
</addon>
