<?xml version="1.0" encoding="UTF-8" standalone="yes"?>
<addon id="plugin.video.ertugrul" name="Ertugrul" version="1.0.4" provider-name="Ertugrul">
  <requires>
    <import addon="xbmc.python" version="2.1.0"/>
    <import addon="script.module.addon.common" version="2.0.0"/>
    <import addon="plugin.video.youtube" version="2.0.0"/>
    <import addon="service.subtitles.ertugrul" version="1.0.0"/>
  </requires>
  <extension point="xbmc.python.pluginsource" library="default.py">
        <provides>video</provides>
  </extension>
  <extension point="xbmc.addon.metadata">
    <summary lang="en">Ertugrul</summary>
    <description lang="en">Ertugrul</description>
    <forum></forum>
    <website></website>
    <platform>all</platform>
  </extension>
</addon>
