﻿<?xml version="1.0" encoding="UTF-8" standalone="yes"?>
<addon id="plugin.video.zen" version="2017.03.31" name="Zen" provider-name="Zen">
	<requires>
		<import addon="xbmc.python" version="2.1.0"/>
		<import addon="script.zen.artwork"/>
		<import addon="script.module.urlresolver" version="2.0.0"/>
		<import addon="script.module.metahandler" version="1.0.0"/>
		<import addon="script.module.requests"/>
		<import addon="script.module.beautifulsoup"/>
		<import addon="script.module.schism.common"/>
		<import addon="script.module.futures" version="2.0.0"/>
	</requires>
	<extension point="xbmc.python.pluginsource" library="zen.py">
		<provides>video</provides>
	</extension>
	<extension point="xbmc.addon.metadata">
		<summary lang="en">Zen Movies/TV Shows</summary>
		<description lang="en">Watch Movies and TV Shows in High quality! Please note that this addon is not an official part of the Kodi media player , and therefore not to be mentioned within official support channels, this addon has nothing to do with the media player itself, nor it’s intended use, it is simply a third party plugin which has been added to your system.</description>
		<disclaimer lang="en">The Author does not host or share any content, nor is affiliated with the content providers.</disclaimer>
		<platform>all</platform>
		<assets>
			<icon>icon.png</icon>
			<fanart>fanart.jpg</fanart>
			<screenshot>resources/screenshots/01.jpg</screenshot>
			<screenshot>resources/screenshots/02.jpg</screenshot>
			<screenshot>resources/screenshots/03.jpg</screenshot>
		</assets>
	</extension>
</addon>