<?xml version="1.0" encoding="UTF-8" standalone="yes"?>
<addon id="plugin.video.cosmix" name="Cosmix" version="1.1.5" provider-name="Cosmix">
	<requires>
	    	<import addon="script.module.simplejson" version="3.3.0"/>
        	<import addon="script.module.t0mm0.common" version="2.0.0"/>
		<import addon="xbmc.python" version="2.1.0" />
		<import addon="script.module.pyxbmct" version="1.1.4" />
		<import addon="script.module.urlresolver" version="3.0.0"/>
		<import addon="script.module.liveresolver" version="0.1.24"/>
		<import addon="plugin.video.youtube" optional="true" />
        	<import addon="script.common.plugin.cache" version="2.5.2"/>
        	<import addon="script.module.metahandler" version="2.5.1"/>	
	</requires>
	<extension point="xbmc.python.pluginsource" library="default.py">
		<provides>video</provides>
	</extension>
    	<extension point="xbmc.addon.metadata">
        	<summary lang="en">Online TV from Everywhere.</summary>
        	<description lang="en">Videos found in this addon are not hosted or uploaded nor are we affiliated with the video content in any way. All video content is hosted by third party websites. In the case of possible copyright infringement please contact the responsible parties. Users who upload to these websites agree not to upload illegal content when creating their user accounts. We do not take responsibility for the content hosted on such third party websites.</description>
        	<platform>all</platform>
    	</extension>
</addon>
