<?xml version="1.0" encoding="UTF-8"?>
<window>
  <animation effect="fade" time="200">WindowClose</animation>
  <controls>
    <control type="group" id="1">
			<posy>720</posy>
			<include>OSDFade</include>
			<visible>[Player.ShowInfo | Window.IsActive(VideoOSD)] + ![Window.IsVisible(OSDVideoSettings) | Window.IsVisible(OSDAudioSettings) | Window.IsVisible(VideoBookmarks) | Window.IsVisible(PVROSDChannels) | Window.IsVisible(PVROSDGuide) | Window.IsVisible(SliderDialog)] + [VideoPlayer.Content(LiveTV)]</visible>
			<animation effect="fade" time="200">VisibleChange</animation>
			<!-- Background ist scaled depending of the visability of the Video OSD, so no overlapping of Backgrounds -->
			<control type="image" id="1">
				<visible>!Window.IsActive(VideoOSD)</visible>
				<posx>0</posx>
				<posy>0</posy>
				<width>1920</width>
				<height>261</height>
				<texture border="0,30,0,30">OSD/OSDBackground.png</texture>
				<colordiffuse>FFE2E2E2</colordiffuse>
			</control>
			<control type="image" id="1">
			    <visible>Window.IsActive(VideoOSD)</visible>
				<posx>0</posx>
				<posy>0</posy>
				<width>1920</width>
				<height>361</height>
				<texture border="0,30,0,30">OSD/OSDBackground.png</texture>
				<colordiffuse>FFE2E2E2</colordiffuse>
			</control>			
			<control type="image" id="1">
				<posx>200</posx>
				<posy>20</posy>
				<width>350</width>
				<height>248</height>
				<texture fallback="DefaultVideoCover.png">$INFO[Player.Art(thumb)]</texture>
				<aspectratio aligny="center" align="right">keep</aspectratio>
				<visible>VideoPlayer.Content(LiveTV)</visible>
			</control>
			<control type="group" id="1">
				<left>330</left>
				<top>285r</top>
				<control type="image" id="1">
					<left>610r</left>
					<top>-35</top>
					<width>50</width>
					<height>25</height>
					<aspectratio align="center" aligny="center">keep</aspectratio>
					<texture>OverlayRecording.png</texture>
					<visible>VideoPlayer.Content(LiveTV) + Player.Recording</visible>
				</control>
				<control type="label" id="1">
					<description>Heading label</description>
					<left>560r</left>
					<top>-35</top>
					<width>860</width>
					<height>25</height>
					<align>left</align>
					<aligny>center</aligny>
					<font>font13</font>
					<label>$LOCALIZE[19158]</label>
					<textcolor>white</textcolor>
					<shadowcolor>black</shadowcolor>
					<visible>VideoPlayer.Content(LiveTV) + Player.Recording</visible>
				</control>
				<control type="label" id="1">
					<description>LiveTV Info labelChannel</description>
					<posx>340</posx>
					<posy>-40</posy>
					<width>720</width>
					<height>125</height>
					<font>MainLabelBigTitle</font>
					<textcolor>White</textcolor> 
					<label>$INFO[VideoPlayer.ChannelNumberLabel]</label>
					<textcolor>grey2</textcolor>
					<shadowcolor>black</shadowcolor>
					<visible>VideoPlayer.Content(LiveTV)</visible>
				</control>
				<control type="label" id="1">
					<description>Clock label</description>
					<posx>-250</posx>
					<posy>10</posy>
					<width>800</width>
					<height>25</height>
					<font>InfoTitle</font>
					<textcolor>orange</textcolor>
					<label>$INFO[System.Time]</label>
				</control>
				<control type="label" id="1">
					<description>Date label</description>
					<posx>-300</posx>
					<posy>80</posy>
					<width>800</width>
					<height>25</height>
					<font>ListDetails</font>
					<textcolor>orange</textcolor>
					<label>$INFO[System.Date]</label>
				</control>
				<control type="label" id="1">
					<description>LiveTV Info label</description>
					<posx>400</posx>
					<posy>-60</posy>
					<width>720</width>
					<height>125</height>
					<font>InfoTitle</font>
					<textcolor>White</textcolor> 
					<label>$INFO[VideoPlayer.ChannelName]</label>
					<textcolor>grey2</textcolor>
					<shadowcolor>black</shadowcolor>
					<visible>VideoPlayer.Content(LiveTV)</visible>
				</control>
				<control type="label" id="1">
						<width min="10" max="750">auto</width>
						<posx>400</posx>
						<posy>40</posy>
						<height>30</height>
						<font>MainLabelBigTitle</font>
						<label>$INFO[Player.Title]</label>
						<textcolor>Highlight</textcolor>
						<scroll>true</scroll>
					</control>
					<control type="label" id="1">
					<left>0</left>
					<top>120</top>
					<width>910</width>
					<height>25</height>
					<label>$LOCALIZE[31049] $INFO[Player.FinishTime]</label>
					<align>center</align>
					<aligny>center</aligny>
					<font>font12</font>
					<textcolor>grey</textcolor>
					<scroll>true</scroll>
					<visible>!Window.IsVisible(VideoOSD) + !VideoPlayer.Content(LiveTV)</visible>
					<animation effect="fade" time="200">VisibleChange</animation>
				</control>
				<control type="label" id="1">
					<posx>450</posx>
					<posy>125</posy>
					<width>800</width>
					<height>25</height>
					<label>$INFO[VideoPlayer.NextTitle,$LOCALIZE[19031]: ]</label>
					<font>Details</font>
					<scroll>true</scroll>
					<textcolor>grey</textcolor>
					<visible>VideoPlayer.Content(LiveTV)</visible>
				</control>
			</control>
			<control type="group" id="1">
				<posx>570</posx>
				<posy>150</posy>
				<visible>!VideoPlayer.Content(LiveTV) | [VideoPlayer.Content(LiveTV) + VideoPlayer.HasEpg]</visible>
				<control type="label" id="1">
					<visible>!VideoPlayer.Content(LiveTV)</visible>
					<left>0</left>
					<top>0</top>
					<width>100</width>
					<height>40</height>
					<font>Details</font>
					<align>left</align>
					<aligny>center</aligny>
					<label>$INFO[Player.Time(hh:mm:ss)]</label>
				</control>
				<control type="label" id="1">
					<visible>VideoPlayer.Content(LiveTV)</visible>
					<left>0</left>
					<top>0</top>
					<width>100</width>
					<height>40</height>
					<font>InfoTitle</font>
					<align>left</align>
					<aligny>center</aligny>
					<label>$INFO[Player.StartTime(hh:mm)]</label>
				</control>
				<control type="progress" id="1">
					<description>ProgressbarCache</description>
					<left>100</left>
					<top>20</top>
					<width>800</width>
					<height>2</height>
					<info>Player.ProgressCache</info>
					<texturebg border="0,0,0,0">img/AmberDotBG.png</texturebg>
					<midtexture border="0,0,0,0">img/AmberDot.png</midtexture>
				</control>
				<control type="progress" id="1">
					<description>Progressbar</description>
					<left>100</left>
					<top>20</top>
					<width>800</width>
					<height>2</height>
					<info>Player.Progress</info>
				</control>
				<control type="label" id="1">
					<visible>VideoPlayer.Content(LiveTV)</visible>
					<left>900</left>
					<top>0</top>
					<width>100</width>
					<height>40</height>
					<font>InfoTitle</font>
					<align>right</align>
					<aligny>center</aligny>
					<label>$INFO[Player.FinishTime(hh:mm)]</label>
				</control>
				<control type="image" id="1">
						<description>Video Resolution Image</description>
						<posx>1100</posx>
						<posy>-120</posy>
						<width>85</width>
						<height>102</height>
						<aspectratio align="center">keep</aspectratio>
						<texture>$INFO[VideoPlayer.VideoResolution,badges/video/,.png]</texture>
					</control>
					<control type="image" id="1">
						<description>Audio Codec Image</description>
						<posx>1100</posx>
						<posy>-80</posy>
						<width>85</width>
						<height>102</height>
						<aspectratio align="center">keep</aspectratio>
						<texture>$INFO[VideoPlayer.AudioCodec,badges/audio/,.png]</texture>
					</control>
					<control type="image" id="1">
						<description>Audio Channels Image</description>
						<posx>1100</posx>
						<posy>-40</posy>
						<width>85</width>
						<height>102</height>
						<aspectratio align="center">keep</aspectratio>
						<texture>$INFO[VideoPlayer.AudioChannels,badges/channels,.png]</texture>
					</control>
					<control type="image" id="1">
						<description>Video Aspect Image</description>
						<posx>1100</posx>
						<posy>0</posy>
						<width>85</width>
						<height>102</height>
						<font>Flags</font>
						<align>center</align>
						<aspectratio>keep</aspectratio>
						<colordiffuse>Silver</colordiffuse>
						<texture>badges/video/FlagFrame.png</texture>
					</control>
					<control type="label" id="1">
						<description>Video Aspect Image</description>
						<posx>1100</posx>
						<posy>0</posy>
						<width>85</width>
						<height>102</height>
						<font>Flags</font>
						<align>center</align>
						<aspectratio>keep</aspectratio>
						<colordiffuse>Silver</colordiffuse>
						<label>$INFO[VideoPlayer.VideoAspect]</label>
					</control>
				</control>
		</control>
    <control type="group" id="0">
      <posx>0</posx>
      <posy>99</posy>
      <include>OSDFade</include>
      <control type="image" description="Info Background">
        <posx>0</posx>
        <posy>-12</posy>
        <width>1920</width>
        <height>222</height>
        <texture>img/BlackDotST2.png</texture>
      </control>
      <control type="image" description="Info Background">
        <visible>VideoPlayer.Content(LiveTV)</visible>
        <posx>0</posx>
        <posy>210</posy>
        <width>1920</width>
        <height>177</height>
        <texture>img/BlackDotST2.png</texture>
      </control>
      <control type="label" id="10" description="row 1 sys label">
        <posx>40</posx>
        <posy>-10</posy>
        <width>1890</width>
        <height>60</height>
        <align>left</align>
        <aligny>center</aligny>
        <font>SysInfo</font>
        <label>-</label>
		<wrapmultiline>true</wrapmultiline>
      </control>
      <control type="label" id="11" description="row 2 sys label">
        <posx>40</posx>
        <posy>60</posy>
        <width>1890</width>
        <height>60</height>
        <align>left</align>
        <aligny>center</aligny>
        <font>SysInfo</font>
        <label>-</label>
		<wrapmultiline>true</wrapmultiline>
      </control>
      <control type="label" id="12" description="row 3 sys label">
        <posx>40</posx>
        <posy>130</posy>
        <width>1890</width>
        <height>60</height>
        <align>left</align>
        <aligny>center</aligny>
        <font>SysInfo</font>
        <label>-</label>
		<wrapmultiline>true</wrapmultiline>
      </control>
      <control type="group">
        <posy>145</posy>
        <visible>VideoPlayer.Content(LiveTV)</visible>
        <control type="label" description="Backend">
          <posx>40</posx>
          <posy>60</posy>
          <width>1890</width>
          <height>36</height>
          <label>$LOCALIZE[19012]: $INFO[PVR.ActStreamClient]</label>
          <align>left</align>
          <aligny>center</aligny>
          <font>SysInfo</font>
        </control>
        <control type="label" description="Encryption">
          <posx>1860</posx>
          <posy>60</posy>
          <width>450</width>
          <height>36</height>
          <label>$LOCALIZE[19015]: $INFO[PVR.ActStreamEncryptionName]</label>
          <align>right</align>
          <aligny>center</aligny>
          <font>SysInfo</font>
        </control>
        <control type="label" description="Device">
          <posx>40</posx>
          <posy>98</posy>
          <width>1890</width>
          <height>36</height>
          <label>$LOCALIZE[19006]: $INFO[PVR.ActStreamDevice]</label>
          <align>left</align>
          <aligny>center</aligny>
          <font>SysInfo</font>
        </control>
        <control type="label" description="Device">
          <posx>40</posx>
          <posy>135</posy>
          <width>945</width>
          <height>36</height>
          <label>$LOCALIZE[19007]: $INFO[PVR.ActStreamStatus]</label>
          <align>left</align>
          <aligny>center</aligny>
          <font>SysInfo</font>
        </control>
        <control type="label" description="Signal">
          <posx>40</posx>
          <posy>172</posy>
          <width>472</width>
          <height>36</height>
          <label>$LOCALIZE[19008]: $INFO[PVR.ActStreamSignal]</label>
          <align>left</align>
          <aligny>center</aligny>
          <font>SysInfo</font>
        </control>
        <control type="label" description="SNR">
          <posx>532</posx>
          <posy>172</posy>
          <width>472</width>
          <height>36</height>
          <label>$LOCALIZE[19009]: $INFO[PVR.ActStreamSNR]</label>
          <align>left</align>
          <aligny>center</aligny>
          <font>SysInfo</font>
        </control>
        <control type="label" description="BER">
          <posx>1110</posx>
          <posy>172</posy>
          <width>330</width>
          <height>36</height>
          <label>$LOCALIZE[19010]: $INFO[PVR.ActStreamBER]</label>
          <align>right</align>
          <aligny>center</aligny>
          <font>SysInfo</font>
        </control>
        <control type="label" description="UNC">
          <posx>1440</posx>
          <posy>172</posy>
          <width>330</width>
          <height>36</height>
          <label>$LOCALIZE[19011]: $INFO[PVR.ActStreamUNC]</label>
          <align>right</align>
          <aligny>center</aligny>
          <font>SysInfo</font>
        </control>
      </control>
    </control>
  </controls>
</window>
