﻿<?xml version="1.0" encoding="UTF-8" standalone="yes"?>
<addon id="plugin.video.zen" version="1.3.10" name=" Zen" provider-name="Zen">
	<requires>
		<import addon="xbmc.python" version="2.1.0" />
		<import addon="script.zen.artwork" />
		<import addon="script.module.urlresolver" version="3.0.0"/>
		<import addon="script.module.metahandler" version="1.0.0" />
		<import addon="script.module.requests" />
	</requires>
	<extension point="xbmc.python.pluginsource" library="zen.py">
		<provides>video</provides>
	</extension>
	<extension point="xbmc.addon.metadata">
		<summary lang="en">Zen Movies/TV Shows</summary>
		<description lang="en">Watch Movies and TV Shows in High Definition and surround sound. Free providers might not work. Credits to Lambda and Tknorris for the code and most of the calls this addon is using on a modified base  --- TO AUTHORIZE DEBRID LINKS USE THE URL RESOLVER Menu under TOOLS , AND ENABLE DEBRID SOURCES IN THE Providers SETTINGS --- </description>
		<disclaimer lang="en">The Author does not host or share any content, nor is affiliated with the content providers.</disclaimer>
		<platform>all</platform>
		<website>http://schism-tv.net</website>
        	<assets>
			<icon>icon.png</icon>
			<fanart>fanart.jpg</fanart>
			<screenshot>resources/screenshots/01.jpg</screenshot>
			<screenshot>resources/screenshots/02.jpg</screenshot>
			<screenshot>resources/screenshots/03.jpg</screenshot>
        	</assets>
	</extension>
</addon>