<?xml version="1.0" encoding="UTF-8" standalone="yes"?>
<addon id="program.english" version="0.0.0.1" name="English" provider-name="English">
  <requires>
	<import addon="plugin.program.super.favourites" />
	<import addon="plugin.video.bbciplayer" />
	<import addon="plugin.video.castaway" />
	<import addon="plugin.video.ccloudtv" />
	<import addon="plugin.video.exodus" />
	<import addon="plugin.video.genesis" />
	<import addon="plugin.video.itv" />
	<import addon="plugin.video.NJMSoccer" />
	<import addon="plugin.video.phstreams" />
	<import addon="plugin.video.salts" />
	<import addon="plugin.video.SportsDevil" />
	<import addon="plugin.video.ukturk" />
	<import addon="plugin.video.youtube" />
	<import addon="script.exodus.artwork" />
	<import addon="script.salts.themepak" />
	<import addon="script.module.liveresolver" />
	<import addon="script.module.urlresolver" />
	<import addon="script.anyurl.player" />
	<import addon="service.playitx" />
	<import addon="skin.amber.mod" />
  </requires>
  <extension point="xbmc.python.pluginsource"
            library="default.py">
        <provides>executable</provides>
  </extension>
  <extension point="xbmc.addon.metadata">
    <summary>English</summary>
    <description>English</description>
    <platform>all</platform>
  </extension>
</addon>