<?xml version="1.0" encoding="UTF-8" standalone="yes"?>
<addon id="plugin.video.p2p-streams"
       name="p2p-streams"
       version="1.2.0"
       provider-name="enen92,fightnight">
  <requires>
    <import addon="xbmc.python" version="2.1.0"/>
    <import addon="script.module.beautifulsoup" version="3.0.8"/>
    <import addon="script.module.simplejson" />
    <import addon="script.module.pytz" />
    <import addon="script.module.requests" />
    <import addon="script.module.mechanize" version="0.2.6"/>
  </requires>
  <extension point="xbmc.python.pluginsource"
            library="default.py">
        <provides>executable</provides>
  </extension>
  <extension point="xbmc.addon.metadata">
    <summary>SopCast and AceStream</summary>
    <description lang="en">AceStream and Sopcast in your favourite media center! Watch peer-to-peer streams in Kodi without the need for external players. Project page: https://github.com/enen92/P2P-Streams-Kodi</description>
    <disclaimer lang="en">The authors does not host nor distribute any of the content you may watch using this addon. The authors have no affiliation with any of the content providers. This addon does not track its users.</disclaimer>
    <platform>all</platform>
  </extension>
</addon>
