<?xml version="1.0" encoding="UTF-8" standalone="yes"?>
<addon id="plugin.video.playthis"
       name="PlayThis"
       version="3.0.0"
       provider-name="anxdpanic">
    <requires>
        <import addon="xbmc.python" version="2.1.0"/>
        <import addon="script.module.urlresolver" version="3.0.0"/>
        <import addon="script.module.youtube.dl"/>
    </requires>
    <extension point="xbmc.python.pluginsource" library="resources/lib/__run__.py">
        <provides>executable</provides>
    </extension>
    <extension point="xbmc.addon.metadata">
        <assets>
            <icon>icon.png</icon>
            <fanart>fanart.jpg</fanart>
        </assets>
        <summary lang="en">Find and resolve media from a url to play or open.</summary>
        <description lang="en">
PlayThis will attempt to find and resolve* media from a url to play or open. A history list is available for future use/exporting to M3U**. Supports video, audio, images and executable***.
* resolves using URLResolver and youtube-dl
** M3U only usable in Kodi w/ PlayThis installed
*** 'executable' items are urls with potential results available through scraping

Companion browser extension available on the Chrome Web Store and Mozilla's AMO Gallery

Artwork by @konsumer420
        </description>
        <platform>all</platform>
        <license>GNU GENERAL PUBLIC LICENSE. Version 3, 29 June 2007</license>
        <forum> </forum>
        <website>https://github.com/anxdpanic/plugin.video.playthis#playthis</website>
        <source>https://github.com/anxdpanic/plugin.video.playthis</source>
    </extension>
</addon>
