<?xml version="1.0" encoding="UTF-8" standalone="yes"?>
<addon id="script.exodus.artwork" version="1.0.4" name="Exodus Artwork" provider-name="Exodus">
	<requires>
		<import addon="xbmc.python" version="2.1.0"/>
	</requires>
	<extension point="xbmc.python.module" library="lib" />
	<extension point="xbmc.addon.metadata">
		<summary>Themes for the Exodus Addon</summary>
		<description>Themes for Exodus are maintained separately to make distribution of the the addon itself easier/faster.</description>
		<platform>all</platform>
	</extension>
</addon>
