<?xml version="1.0" encoding="UTF-8"?>
<window type="dialog">
  <include>OSDFade</include>
  <controls>
    <control type="group">
      <posy>720</posy>
      <control type="image" description="Background">
        <posx>0</posx>
        <posy>0</posy>
        <width>1920</width>
        <height>361</height>
        <texture border="0,30,0,30">OSD/OSDBackground.png</texture>
        <colordiffuse>FFE2E2E2</colordiffuse>
      </control>
      <control type="group" description="Thumb">
        <posy>-6</posy>
        <control type="image">
          <posx>390r</posx>
          <posy>90</posy>
          <width>350</width>
          <height>248</height>
          <texture diffuse="thumbs/SquareDiffuse.png" fallback="thumbs/SquareBG_NF.png">$INFO[VideoPlayer.Cover]</texture>
          <aspectratio aligny="center" align="right">keep</aspectratio>
        </control>
        <control type="group">
          <posx>-260</posx>
          <posy>72</posy>
          <control type="label" description="Main label">
            <include>FullscreenInfoLabelMain</include>
            <wrapmultiline>true</wrapmultiline>
            <label>$INFO[VideoPlayer.TVShowTitle,,[COLOR=Highlight]  •  [/COLOR]]$INFO[VideoPlayer.Season,$LOCALIZE[31973],.]$INFO[VideoPlayer.Episode,,[COLOR=Highlight]  •  [/COLOR]]$INFO[VideoPlayer.ChannelNumberLabel,,.]$INFO[VideoPlayer.ChannelName,,: ]$INFO[VideoPlayer.Artist,, - ]$INFO[VideoPlayer.Album,, - ]$INFO[VideoPlayer.Title]</label>
          </control>
          <control type="textbox">
            <posx>300</posx>
            <posy>75</posy>
            <width>1410</width>
            <height>125</height>
            <align>justify</align>
            <label>$INFO[VideoPlayer.Plot]</label>
            <font>InfoPlot</font>
          </control>
          <control type="grouplist" description="Flags">
            <posx>303</posx>
            <posy>231</posy>
            <width min="90" max="900">auto</width>
            <height>45</height>
            <itemgap>30</itemgap>
            <orientation>horizontal</orientation>
            <align>left</align>
            <control type="image">
              <visible>!IsEmpty(VideoPlayer.VideoResolution)</visible>
              <height>36</height>
              <width>102</width>
              <posx>0</posx>
              <posy>0</posy>
              <aspectratio>keep</aspectratio>
              <colordiffuse>Silver</colordiffuse>
              <texture>$INFO[VideoPlayer.VideoResolution,badges/video/,.png]</texture>
            </control>
            <control type="image">
              <visible>!IsEmpty(VideoPlayer.VideoCodec)</visible>
              <height>36</height>
              <width>102</width>
              <aspectratio>keep</aspectratio>
              <colordiffuse>Silver</colordiffuse>
              <texture>$INFO[VideoPlayer.VideoCodec,badges/video/,.png]</texture>
            </control>
            <control type="image">
              <visible>!IsEmpty(VideoPlayer.AudioChannels)</visible>
              <height>36</height>
              <width>102</width>
              <aspectratio>keep</aspectratio>
              <colordiffuse>Silver</colordiffuse>
              <texture>$INFO[VideoPlayer.AudioChannels,badges/channels,.png]</texture>
            </control>
            <control type="image">
              <visible>!IsEmpty(VideoPlayer.AudioCodec)</visible>
              <height>36</height>
              <width>102</width>
              <aspectratio>keep</aspectratio>
              <colordiffuse>Silver</colordiffuse>
              <texture>$INFO[VideoPlayer.AudioCodec,badges/audio/,.png]</texture>
            </control>
            <control type="button">
              <visible>!IsEmpty(VideoPlayer.VideoAspect)</visible>
              <height>36</height>
              <width>102</width>
              <posx>0</posx>
              <posy>0</posy>
              <font>Flags</font>
              <align>center</align>
              <textoffsetx>0</textoffsetx>
              <colordiffuse>Silver</colordiffuse>
              <texturenofocus>badges/video/FlagFrame.png</texturenofocus>
              <texturefocus>badges/video/FlagFrame.png</texturefocus>
              <label>$INFO[VideoPlayer.VideoAspect]</label>
            </control>
            <control type="image">
              <visible>ListItem.IsStereoscopic</visible>
              <height>36</height>
              <width>102</width>
              <aspectratio>keep</aspectratio>
              <colordiffuse>Silver</colordiffuse>
              <texture>badges/video/3d.png</texture>
            </control>
          </control>
        </control>
      </control>
    </control>
  </controls>
</window>