<?xml version="1.0" encoding="UTF-8"?>
<window>
  <defaultcontrol>29</defaultcontrol>
  <coordinates>
    <system>1</system>
    <posx>0</posx>
    <posy>0</posy>
  </coordinates>
  <include>OpenClose</include>
  <controls>
    <include>Settings_Art</include>
    <include>Time</include>
    <control type="group" description="Content">
      <include>DialogOpenClose</include>
      <posx>384</posx>
      <posy>240</posy>
      <width>1304</width>
      <height>750</height>
      <control type="image">
        <description>background image</description>
        <posx>-252</posx>
        <posy>0</posy>
        <width>1655</width>
        <height>536</height>
        <texture border="300,0,0,0">dialogs/SetContentBG.png</texture>
      </control>
      <control type="spincontrolex" id="20">
        <description>Content Picker</description>
        <posx>-230</posx>
        <posy>57</posy>
        <width>909</width>
        <height>60</height>
				<label>$LOCALIZE[20344]</label>
        <textoffsetx>30</textoffsetx>
        <onup>5</onup>
        <ondown>5</ondown>
        <onleft>28</onleft>
        <onright>21</onright>
        <aligny>center</aligny>
        <subtype>text</subtype>
      </control>
      <control type="grouplist" id="5">
        <description>control area</description>
        <posx>-231</posx>
        <posy>120</posy>
        <width>909</width>
        <height>310</height>
        <itemgap>0</itemgap>
        <onup>20</onup>
        <ondown>20</ondown>
        <onleft>28</onleft>
        <onright>21</onright>
      </control>
      <control type="button" id="7">
        <description>Default Button</description>
        <posx>0</posx>
        <posy>0</posy>
        <height>60</height>
        <font>SetContent</font>
        <textoffsetx>30</textoffsetx>
      </control>
      <control type="radiobutton" id="8">
        <posx>0</posx>
        <posy>0</posy>
        <height>60</height>
        <font>SetContent</font>
        <textoffsetx>30</textoffsetx>
      </control>
      <control type="panel" id="21" description="Scrapers">
        <posx>681</posx>
        <posy>120</posy>
        <width>354</width>
        <height>360</height>
        <onup>21</onup>
        <ondown>21</ondown>
        <onleft>20</onleft>
        <onright>28</onright>
        <scrolltime>200</scrolltime>
        <itemlayout height="60" width="354">
          <control type="label">
            <posx>18</posx>
            <posy>0</posy>
            <width>330</width>
            <height>60</height>
            <selectedcolor>Highlight</selectedcolor>
            <info>ListItem.Label</info>
						<font>SetContent</font>
          </control>
        </itemlayout>
        <focusedlayout height="60" width="354">
          <control type="image">
            <posx>0</posx>
            <posy>0</posy>
            <width>354</width>
            <height>60</height>
            <texture border="2">buttons/ButtonFO.png</texture>
          </control>
          <control type="label">
            <posx>18</posx>
            <posy>0</posy>
            <width>330</width>
            <height>60</height>
            <selectedcolor>Highlight</selectedcolor>
            <info>ListItem.Label</info>
						<font>SetContent</font>
          </control>
        </focusedlayout>
      </control>
      <control type="group" description="Right side">
        <posx>37</posx>
        <posy>61</posy>
        <control type="image" description="Scraper Icon">
          <posx>1020</posx>
          <posy>0</posy>
          <width>180</width>
          <height>180</height>
          <aspectratio>keep</aspectratio>
          <texture>$INFO[ListItem.Icon]</texture>
          <bordertexture border="3">thumbs/ThumbBorder3.png</bordertexture>
          <bordersize>1</bordersize>
        </control>
        <control type="button" id="22">
          <description>settings button</description>
          <posx>1000</posx>
          <posy>237</posy>
          <width>315</width>
          <height>60</height>
          <label>$LOCALIZE[5]</label>
          <onleft>21</onleft>
          <onright>20</onright>
          <onup>28</onup>
          <ondown>29</ondown>
        </control>
        <control type="button" id="29">
          <description>cancel button</description>
          <posx>1000</posx>
          <posy>298</posy>
          <width>315</width>
          <height>62</height>
          <label>$LOCALIZE[222]</label>
          <onleft>21</onleft>
          <onright>20</onright>
          <onup>22</onup>
          <ondown>28</ondown>
        </control>
        <control type="button" id="28">
          <description>ok button</description>
          <posx>1000</posx>
          <posy>360</posy>
          <width>315</width>
          <height>60</height>
          <label>$LOCALIZE[186]</label>
          <onleft>21</onleft>
          <onright>20</onright>
          <onup>29</onup>
          <ondown>22</ondown>
        </control>
      </control>
    </control>
  </controls>
</window>
