<?xml version="1.0" encoding="UTF-8"?>
<addon id="plugin.video.hevcbluray" version="0.0.4" name="HevcBluray     [COLOR red]CustomAddons[/COLOR] [COLOR dodgerblue]English[/COLOR]" provider-name="@MrEntertain">
    <requires>
        <import addon="xbmc.python" version="2.1.0"/>
        <import addon="script.module.TheYid.common" version="0.1.1"/>
        <import addon="script.module.urlresolver"  version="2.0.9"/>
    </requires>
    <extension point="xbmc.python.pluginsource" library="default.py">
        <provides>video</provides>
    </extension>
    <extension point="xbmc.addon.metadata">
        <summary>movies in 720p 1080p and 3D HEVC</summary>
        <description>movies in 720p and 1080p and 3D.</description>
        <platform>all</platform>
        <disclaimer lang="en">All the movies on this website are hosted on the third party sites and uploaded by other people. We are not responsible for any content that hosted on on the third-party sites. If you have any legal issues please contact appropriate video owners hosters.</disclaimer>
    </extension>
</addon>
